index,event_starttime,event_peaktime,event_endtime,goes_class_ind,goes_class,goes_class_val,integrated_flux,noaa_ar,position_hgs,hgs_lat,hgs_lon,hpc_x,hpc_y,event_end,peak_hour,unique_day
0,5,2012-08-30 12:02:00,2012-08-30 12:11:00,2012-08-30 12:14:00,M,M1.3,1.3e-05,3.9E-03,11563,,,,,,2012-08-30 12:14:00,12,2012-08-30
1,19,2012-09-02 10:15:00,2012-09-02 10:21:00,2012-09-02 10:26:00,C,C3.1,3.1e-06,1.5E-03,11553,,,,,,2012-09-02 10:26:00,10,2012-09-02
2,21,2012-09-02 18:00:00,2012-09-02 18:10:00,2012-09-02 18:15:00,C,C5.5,5.5e-06,2.7E-03,11560,,,,,,2012-09-02 18:15:00,18,2012-09-02
3,23,2012-09-03 10:29:00,2012-09-03 10:46:00,2012-09-03 10:59:00,C,C2.6,2.6e-06,3.7E-03,11564,,,,,,2012-09-03 10:59:00,10,2012-09-03
4,24,2012-09-03 13:06:00,2012-09-03 13:18:00,2012-09-03 13:31:00,C,C2.7,2.7e-06,3.2E-03,11564,,,,,,2012-09-03 13:31:00,13,2012-09-03
5,34,2012-09-06 15:13:00,2012-09-06 15:21:00,2012-09-06 15:30:00,C,C8.0,8e-06,4.9E-03,11560,,,,,,2012-09-06 15:30:00,15,2012-09-06
6,40,2012-09-08 17:35:00,2012-09-08 17:59:00,2012-09-08 18:20:00,M,M1.4,1.4e-05,2.8E-02,11564,,,,,,2012-09-08 18:20:00,17,2012-09-08
7,80,2012-09-30 14:21:00,2012-09-30 14:26:00,2012-09-30 14:33:00,C,C2.3,2.3e-06,1.1E-03,11575,N11W88,11.0,88.0,940.1106849533122,177.74601143960857,2012-09-30 14:33:00,14,2012-09-30
8,91,2012-10-08 11:05:00,2012-10-08 11:17:00,2012-10-08 11:23:00,M,M2.3,2.3e-05,1.1E-02,     ,N17E88,17.0,-88.0,-917.9388317617122,275.5997845279877,2012-10-08 11:23:00,11,2012-10-08
9,92,2012-10-08 13:52:00,2012-10-08 13:55:00,2012-10-08 14:29:00,C,C1.0,1e-06,2.0E-03,     ,S29E86,-29.0,-86.0,-837.7993381863926,-469.14800885407,2012-10-08 14:29:00,13,2012-10-08
10,95,2012-10-09 14:48:00,2012-10-09 15:01:00,2012-10-09 15:11:00,C,C1.9,1.9e-06,2.1E-03,     ,N14E88,14.0,-88.0,-931.6477657770738,227.52730089545943,2012-10-09 15:11:00,15,2012-10-09
11,96,2012-10-09 15:17:00,2012-10-09 15:25:00,2012-10-09 15:33:00,C,C5.9,5.9e-06,3.7E-03,     ,S29E86,-29.0,-86.0,-838.0511640370823,-469.2802698901919,2012-10-09 15:33:00,15,2012-10-09
12,130,2012-10-23 13:10:00,2012-10-23 13:15:00,2012-10-23 13:18:00,C,C2.3,2.3e-06,6.5E-04,11598,S14E53,-14.0,-53.0,-749.2089712021407,-283.6869485254907,2012-10-23 13:18:00,13,2012-10-23
13,131,2012-10-23 14:57:00,2012-10-23 15:00:00,2012-10-23 15:05:00,C,C2.8,2.8e-06,8.1E-04,11598,S14E52,-14.0,-52.0,-739.3038836729247,-284.8144781320124,2012-10-23 15:05:00,15,2012-10-23
14,162,2012-11-14 13:35:00,2012-11-14 13:45:00,2012-11-14 14:01:00,C,C4.3,4.3e-06,5.0E-03,11614,N18E40,18.0,-40.0,-594.8558715167455,264.859964613318,2012-11-14 14:01:00,13,2012-11-14
15,176,2012-11-20 12:36:00,2012-11-20 12:41:00,2012-11-20 12:46:00,M,M1.7,1.7e-05,6.3E-03,     ,N06E20,6.0,-20.0,-331.72124570561573,67.60135329478369,2012-11-20 12:46:00,12,2012-11-20
16,178,2012-11-20 15:18:00,2012-11-20 15:29:00,2012-11-20 15:41:00,C,C3.1,3.1e-06,3.3E-03,11618,N05E19,5.0,-19.0,-316.31335110007785,50.62360395659335,2012-11-20 15:41:00,15,2012-11-20
17,182,2012-11-21 15:10:00,2012-11-21 15:30:00,2012-11-21 15:38:00,M,M3.5,3.5000000000000004e-05,2.6E-02,11618,N05E05,5.0,-5.0,-84.71604812541045,50.8645616931263,2012-11-21 15:38:00,15,2012-11-21
18,208,2012-11-27 15:52:00,2012-11-27 15:57:00,2012-11-27 16:03:00,M,M1.6,1.6000000000000003e-05,5.8E-03,11618,N06W72,6.0,72.0,920.9641706920308,95.11899603075015,2012-11-27 16:03:00,15,2012-11-27
19,237,2012-12-25 12:58:00,2012-12-25 13:04:00,2012-12-25 13:07:00,C,C4.1,4.1e-06,1.2E-03,11635,N12W13,12.0,13.0,215.57346841543807,240.3856480659908,2012-12-25 13:07:00,13,2012-12-25
20,273,2013-01-11 14:51:00,2013-01-11 15:07:00,2013-01-11 15:24:00,M,M1.0,1e-05,1.4E-02,11654,N06E44,6.0,-44.0,-676.0471537644044,153.4824951856477,2013-01-11 15:24:00,15,2013-01-11
21,308,2013-02-17 15:26:00,2013-02-17 15:40:00,2013-02-17 15:43:00,C,C2.5,2.5e-06,1.5E-03,11675,N12E21,12.0,-21.0,-341.64740840694867,308.71055370862126,2013-02-17 15:43:00,15,2013-02-17
22,309,2013-02-17 15:45:00,2013-02-17 15:50:00,2013-02-17 15:52:00,M,M1.9,1.9e-05,2.9E-03,11675,N12E20,12.0,-20.0,-326.0706384596415,309.42998581951895,2013-02-17 15:52:00,15,2013-02-17
23,312,2013-02-20 11:08:00,2013-02-20 11:11:00,2013-02-20 11:13:00,C,C8.2,8.2e-06,9.9E-04,11678,N08W46,8.0,46.0,693.1575876761469,216.4082748301016,2013-02-20 11:13:00,11,2013-02-20
24,313,2013-02-20 14:52:00,2013-02-20 14:56:00,2013-02-20 14:58:00,C,C3.0,3e-06,4.6E-04,11678,N09W48,9.0,48.0,714.1092108345528,229.87151546908385,2013-02-20 14:58:00,14,2013-02-20
25,317,2013-02-24 13:17:00,2013-02-24 14:35:00,2013-02-24 14:57:00,C,C2.6,2.6e-06,8.0E-03,     ,N07W88,7.0,88.0,961.420320975374,121.3776328468116,2013-02-24 14:57:00,14,2013-02-24
26,318,2013-03-02 14:59:00,2013-03-02 15:11:00,2013-03-02 15:26:00,C,C1.9,1.9e-06,2.2E-03,11687,N08E88,8.0,-88.0,-957.7883889186196,137.8301883439009,2013-03-02 15:26:00,15,2013-03-02
27,347,2013-04-05 17:34:00,2013-04-05 17:48:00,2013-04-05 18:04:00,M,M2.2,2.2000000000000003e-05,2.6E-02,11719,N07E88,7.0,-88.0,-950.9953711952548,119.76516521633918,2013-04-05 18:04:00,17,2013-04-05
28,352,2013-04-07 15:55:00,2013-04-07 16:00:00,2013-04-07 16:04:00,C,C3.1,3.1e-06,9.0E-04,11718,N20E23,20.0,-23.0,-353.1315509167034,416.0677531911805,2013-04-07 16:04:00,16,2013-04-07
29,353,2013-04-07 16:49:00,2013-04-07 16:58:00,2013-04-07 17:09:00,C,C1.6,1.6e-06,1.6E-03,11713,N09W45,9.0,45.0,671.2382602945104,221.2768369848673,2013-04-07 17:09:00,16,2013-04-07
30,386,2013-04-18 17:56:00,2013-04-18 18:23:00,2013-04-18 19:04:00,C,C6.5,6.5e-06,1.9E-02,11719,N11W88,11.0,88.0,937.0874517684751,184.50628767342585,2013-04-18 19:04:00,18,2013-04-18
31,394,2013-04-21 14:16:00,2013-04-21 14:20:00,2013-04-21 14:23:00,C,C2.2,2.2e-06,5.6E-04,11726,N12W16,12.0,16.0,258.4219832283035,277.9596816636815,2013-04-21 14:23:00,14,2013-04-21
32,395,2013-04-21 16:00:00,2013-04-21 16:03:00,2013-04-21 16:06:00,C,C2.9,2.9e-06,5.9E-04,11726,N13W15,13.0,15.0,241.71170950855367,294.2007535265129,2013-04-21 16:06:00,16,2013-04-21
33,396,2013-04-21 18:35:00,2013-04-21 18:39:00,2013-04-21 18:42:00,C,C4.5,4.5e-06,1.0E-03,11726,N13W16,13.0,16.0,257.4056154638442,293.6569309037553,2013-04-21 18:42:00,18,2013-04-21
34,398,2013-04-22 10:22:00,2013-04-22 10:29:00,2013-04-22 10:31:00,M,M1.0,1e-05,2.3E-03,11726,N13W24,13.0,24.0,379.6856090344087,288.7778013822573,2013-04-22 10:31:00,10,2013-04-22
35,399,2013-04-23 13:27:00,2013-04-23 13:31:00,2013-04-23 13:34:00,C,C2.1,2.1e-06,4.9E-04,     ,N12W40,12.0,40.0,601.7956432994195,259.3075250990942,2013-04-23 13:34:00,13,2013-04-23
36,400,2013-04-23 14:05:00,2013-04-23 14:14:00,2013-04-23 14:16:00,C,C8.2,8.2e-06,1.9E-03,11726,N13W38,13.0,38.0,574.2148279555678,277.05503585625434,2013-04-23 14:16:00,14,2013-04-23
37,402,2013-04-23 15:04:00,2013-04-23 15:07:00,2013-04-23 15:09:00,C,C1.5,1.5e-06,2.2E-04,11726,N14W38,14.0,38.0,571.7952794034768,292.923713613252,2013-04-23 15:09:00,15,2013-04-23
38,403,2013-04-23 15:15:00,2013-04-23 15:18:00,2013-04-23 15:20:00,C,C2.5,2.5e-06,6.1E-04,11726,N13W38,13.0,38.0,574.2074889012273,276.996246118787,2013-04-23 15:20:00,15,2013-04-23
39,406,2013-04-24 09:57:00,2013-04-24 10:07:00,2013-04-24 10:18:00,C,C1.6,1.6e-06,1.7E-03,11726,N10W58,10.0,58.0,798.362301091832,207.1839603594439,2013-04-24 10:18:00,10,2013-04-24
40,408,2013-04-24 13:10:00,2013-04-24 13:23:00,2013-04-24 13:35:00,C,C1.2,1.2e-06,1.5E-03,11726,N11W59,11.0,59.0,804.2468382522849,222.0999856417769,2013-04-24 13:35:00,13,2013-04-24
41,409,2013-04-24 16:50:00,2013-04-24 16:58:00,2013-04-24 17:12:00,C,C2.5,2.5e-06,2.4E-03,11726,N11W61,11.0,61.0,820.476244941799,219.58421887336905,2013-04-24 17:12:00,16,2013-04-24
42,411,2013-04-25 10:43:00,2013-04-25 10:52:00,2013-04-25 11:10:00,C,C3.4,3.4e-06,4.4E-03,11726,N15W66,15.0,66.0,842.7745910195687,277.1491773354789,2013-04-25 11:10:00,10,2013-04-25
43,414,2013-04-25 17:09:00,2013-04-25 17:17:00,2013-04-25 17:23:00,C,C3.9,3.9e-06,2.1E-03,     ,N11W74,11.0,74.0,900.6603133314755,202.59805149255823,2013-04-25 17:23:00,17,2013-04-25
44,415,2013-04-25 17:24:00,2013-04-25 17:28:00,2013-04-25 17:32:00,C,C5.6,5.6e-06,1.7E-03,11726,N10W76,10.0,76.0,911.9377718396048,183.7239203804075,2013-04-25 17:32:00,17,2013-04-25
45,416,2013-04-25 19:34:00,2013-04-25 19:40:00,2013-04-25 19:43:00,C,C5.8,5.8e-06,1.9E-03,11726,N11W77,11.0,77.0,912.708603828853,198.6384649356713,2013-04-25 19:43:00,19,2013-04-25
46,418,2013-04-26 08:51:00,2013-04-26 08:57:00,2013-04-26 09:01:00,C,C3.4,3.4e-06,1.4E-03,11726,N10W88,10.0,88.0,938.2421828140504,167.63891061665626,2013-04-26 09:01:00,8,2013-04-26
47,419,2013-04-26 12:41:00,2013-04-26 12:57:00,2013-04-26 13:00:00,C,C3.5,3.5e-06,1.7E-03,11726,N11W88,11.0,88.0,935.1665251094422,183.9228285698593,2013-04-26 13:00:00,12,2013-04-26
48,420,2013-04-26 15:34:00,2013-04-26 15:43:00,2013-04-26 16:14:00,C,C4.4,4.4e-06,7.3E-03,11726,N09W88,9.0,88.0,940.9240560666524,151.27055188145482,2013-04-26 16:14:00,15,2013-04-26
49,423,2013-04-27 12:06:00,2013-04-27 12:17:00,2013-04-27 12:33:00,C,C3.1,3.1e-06,3.9E-03,11726,N11W88,11.0,88.0,934.9281700075728,183.84648717316563,2013-04-27 12:33:00,12,2013-04-27
50,425,2013-04-27 15:08:00,2013-04-27 15:13:00,2013-04-27 15:37:00,C,C1.9,1.9e-06,2.7E-03,11732,N11W88,11.0,88.0,934.8973352548804,183.8365438157504,2013-04-27 15:37:00,15,2013-04-27
51,428,2013-04-28 14:53:00,2013-04-28 14:56:00,2013-04-28 14:59:00,C,C1.9,1.9e-06,3.8E-04,11731,N10E28,10.0,-28.0,-442.19065726408735,229.44517395326403,2013-04-28 14:59:00,14,2013-04-28
52,430,2013-04-28 15:52:00,2013-04-28 15:55:00,2013-04-28 15:58:00,C,C3.7,3.7e-06,6.9E-04,11731,N09E35,9.0,-35.0,-541.6719388514757,208.47729951038923,2013-04-28 15:58:00,15,2013-04-28
53,432,2013-04-28 18:00:00,2013-04-28 18:04:00,2013-04-28 18:06:00,C,C3.6,3.6e-06,6.4E-04,11731,N09E27,9.0,-27.0,-428.8689280289691,213.62276809113573,2013-04-28 18:06:00,18,2013-04-28
54,443,2013-05-01 11:55:00,2013-05-01 12:03:00,2013-05-01 12:10:00,C,C1.8,1.8e-06,1.2E-03,11731,N10W07,10.0,7.0,114.75947580936476,232.7274351370936,2013-05-01 12:10:00,12,2013-05-01
55,444,2013-05-01 14:07:00,2013-05-01 14:14:00,2013-05-01 14:25:00,C,C6.6,6.6e-06,4.4E-03,11731,N10W07,10.0,7.0,114.75677688204443,232.57317438894248,2013-05-01 14:25:00,14,2013-05-01
56,454,2013-05-03 16:39:00,2013-05-03 16:55:00,2013-05-03 17:22:00,M,M1.3,1.3e-05,2.5E-02,11731,N11W38,11.0,38.0,577.000358153363,231.89831697135648,2013-05-03 17:22:00,16,2013-05-03
57,457,2013-05-04 12:23:00,2013-05-04 12:36:00,2013-05-04 12:42:00,C,C5.6,5.6e-06,3.6E-03,11739,N13E65,13.0,-65.0,-841.5256231005769,239.9525135256096,2013-05-04 12:42:00,12,2013-05-04
58,459,2013-05-04 16:07:00,2013-05-04 16:22:00,2013-05-04 16:44:00,C,C2.0,2e-06,3.9E-03,11731,N12W53,12.0,53.0,745.0081298143599,234.97409193632384,2013-05-04 16:44:00,16,2013-05-04
59,461,2013-05-04 19:31:00,2013-05-04 19:37:00,2013-05-04 19:42:00,C,C2.2,2.2e-06,9.5E-04,11739,N12E61,12.0,-61.0,-815.4302313593216,227.5145724460279,2013-05-04 19:42:00,19,2013-05-04
60,480,2013-05-09 16:33:00,2013-05-09 16:42:00,2013-05-09 16:55:00,C,C1.4,1.4e-06,1.5E-03,     ,N09E89,9.0,-89.0,-938.218607557239,149.31143910872518,2013-05-09 16:55:00,16,2013-05-09
61,483,2013-05-10 09:44:00,2013-05-10 09:50:00,2013-05-10 09:56:00,C,C1.8,1.8e-06,9.7E-04,11745,N12E88,12.0,-88.0,-928.6401934793683,199.00171131268883,2013-05-10 09:56:00,9,2013-05-10
62,484,2013-05-10 12:37:00,2013-05-10 12:56:00,2013-05-10 13:04:00,M,M1.3,1.3e-05,1.3E-02,11745,N12E89,12.0,-89.0,-928.9666983436329,198.0812083299725,2013-05-10 13:04:00,12,2013-05-10
63,485,2013-05-10 14:30:00,2013-05-10 14:37:00,2013-05-10 14:42:00,C,C2.5,2.5e-06,1.2E-03,11745,N13E88,13.0,-88.0,-925.008037431864,215.1381866111403,2013-05-10 14:42:00,14,2013-05-10
64,486,2013-05-10 16:30:00,2013-05-10 16:43:00,2013-05-10 17:25:00,C,C2.5,2.5e-06,6.9E-03,11739,N13W17,13.0,17.0,271.7294216773654,263.016937764678,2013-05-10 17:25:00,16,2013-05-10
65,488,2013-05-11 13:31:00,2013-05-11 13:59:00,2013-05-11 14:09:00,C,C2.2,2.2e-06,4.1E-03,11745,N11E82,11.0,-82.0,-923.6375570823438,187.94849467787097,2013-05-11 14:09:00,13,2013-05-11
66,492,2013-05-11 19:35:00,2013-05-11 19:48:00,2013-05-11 20:03:00,C,C8.0,8e-06,9.9E-03,11746,S28E73,-28.0,-73.0,-802.8280515100341,-432.8183485950073,2013-05-11 20:03:00,19,2013-05-11
67,513,2013-05-16 19:17:00,2013-05-16 19:24:00,2013-05-16 19:30:00,C,C4.8,4.8e-06,2.3E-03,11748,N10E43,10.0,-43.0,-639.1887143701315,194.5045974540597,2013-05-16 19:30:00,19,2013-05-16
68,514,2013-05-17 08:43:00,2013-05-17 08:57:00,2013-05-17 09:19:00,M,M3.2,3.2000000000000005e-05,4.4E-02,11748,N11E36,11.0,-36.0,-549.2348250602372,213.04891996158847,2013-05-17 09:19:00,8,2013-05-17
69,517,2013-05-19 09:08:00,2013-05-19 09:15:00,2013-05-19 09:24:00,C,C3.4,3.4e-06,2.1E-03,11750,S08W58,-8.0,58.0,798.1423187637816,-113.36996613950336,2013-05-19 09:24:00,9,2013-05-19
70,521,2013-05-19 15:07:00,2013-05-19 15:15:00,2013-05-19 15:24:00,C,C6.3,6.3e-06,3.3E-03,11750,S09W62,-9.0,62.0,828.5523647422638,-132.134115138366,2013-05-19 15:24:00,15,2013-05-19
71,522,2013-05-19 17:06:00,2013-05-19 17:24:00,2013-05-19 17:35:00,C,C4.2,4.2e-06,5.3E-03,     ,N09E89,9.0,-89.0,-936.260279352544,148.81461100059946,2013-05-19 17:35:00,17,2013-05-19
72,523,2013-05-19 17:07:00,2013-05-19 17:50:00,2013-05-19 18:18:00,C,C9.9,9.9e-06,2.3E-02,     ,N11E89,11.0,-89.0,-930.5087798675522,181.37688485961348,2013-05-19 18:18:00,17,2013-05-19
73,531,2013-05-22 13:08:00,2013-05-22 13:32:00,2013-05-22 14:08:00,M,M5.0,5e-05,1.4E-01,11745,N14W87,14.0,87.0,918.2983933350068,230.66298633812656,2013-05-22 14:08:00,13,2013-05-22
74,535,2013-05-23 14:43:00,2013-05-23 14:50:00,2013-05-23 15:00:00,C,C3.9,3.9e-06,2.7E-03,11756,S19E36,-19.0,-36.0,-528.3746303268708,-288.2571489576765,2013-05-23 15:00:00,14,2013-05-23
75,536,2013-05-23 15:25:00,2013-05-23 15:33:00,2013-05-23 15:49:00,C,C2.6,2.6e-06,2.9E-03,11756,S19E35,-19.0,-35.0,-515.6220123898238,-288.0483412124634,2013-05-23 15:49:00,15,2013-05-23
76,537,2013-05-23 18:20:00,2013-05-23 18:27:00,2013-05-23 18:39:00,C,C1.8,1.8e-06,1.7E-03,     ,S09E89,-9.0,-89.0,-935.5988034035544,-147.67549547753686,2013-05-23 18:39:00,18,2013-05-23
77,538,2013-05-23 18:41:00,2013-05-23 18:47:00,2013-05-23 18:54:00,C,C3.4,3.4e-06,1.9E-03,11756,S19E33,-19.0,-33.0,-489.63787454389967,-287.7706540180539,2013-05-23 18:54:00,18,2013-05-23
78,541,2013-05-25 10:39:00,2013-05-25 10:49:00,2013-05-25 10:59:00,C,C2.1,2.1e-06,1.9E-03,11755,N11E23,11.0,-23.0,-364.7405348722823,203.116536945168,2013-05-25 10:59:00,10,2013-05-25
79,543,2013-05-26 09:43:00,2013-05-26 09:57:00,2013-05-26 10:10:00,C,C3.8,3.8e-06,4.4E-03,11756,S16W12,-16.0,12.0,190.06505802965847,-241.23702028658016,2013-05-26 10:10:00,9,2013-05-26
80,546,2013-05-31 19:52:00,2013-05-31 20:00:00,2013-05-31 20:06:00,M,M1.0,1e-05,5.0E-03,11760,N12E42,12.0,-42.0,-621.2325982116163,205.56876805669404,2013-05-31 20:06:00,20,2013-05-31
81,548,2013-06-05 08:14:00,2013-06-05 08:57:00,2013-06-05 09:26:00,M,M1.3,1.3e-05,3.4E-02,11762,S31W52,-31.0,52.0,640.1088223423038,-486.8660610719904,2013-06-05 09:26:00,8,2013-06-05
82,550,2013-06-07 11:42:00,2013-06-07 11:51:00,2013-06-07 12:00:00,C,C3.0,3e-06,1.9E-03,11762,S30W78,-30.0,78.0,801.2526344037728,-473.2916765040471,2013-06-07 12:00:00,11,2013-06-07
83,556,2013-06-19 09:33:00,2013-06-19 09:54:00,2013-06-19 10:25:00,C,C8.4,8.4e-06,2.0E-02,     ,S13E89,-13.0,-89.0,-919.742815309437,-212.72656606178472,2013-06-19 10:25:00,9,2013-06-19
84,573,2013-06-24 11:27:00,2013-06-24 11:32:00,2013-06-24 11:36:00,C,C9.9,9.9e-06,2.8E-03,11778,S18E54,-18.0,-54.0,-727.9667930894066,-311.8798630471182,2013-06-24 11:36:00,11,2013-06-24
85,576,2013-06-26 15:52:00,2013-06-26 16:01:00,2013-06-26 16:08:00,C,C1.3,1.3e-06,9.8E-04,11774,S20W88,-20.0,88.0,886.2811670453328,-323.78402410350674,2013-06-26 16:08:00,16,2013-06-26
86,579,2013-06-28 16:50:00,2013-06-28 17:05:00,2013-06-28 17:23:00,C,C1.6,1.6e-06,2.3E-03,11778,S17E05,-17.0,-5.0,-78.98446513083763,-317.9958754318727,2013-06-28 17:23:00,17,2013-06-28
87,590,2013-07-02 17:45:00,2013-07-02 17:49:00,2013-07-02 17:52:00,C,C7.1,7.099999999999999e-06,1.6E-03,11785,S10E75,-10.0,-75.0,-898.4943137937225,-176.65248333081752,2013-07-02 17:52:00,17,2013-07-02
88,600,2013-07-03 19:59:00,2013-07-03 20:04:00,2013-07-03 20:08:00,C,C6.0,6e-06,1.9E-03,11785,S08E51,-8.0,-51.0,-728.1237502293661,-164.21384753395006,2013-07-03 20:08:00,20,2013-07-03
89,609,2013-07-05 11:20:00,2013-07-05 11:26:00,2013-07-05 11:32:00,C,C2.8,2.8e-06,1.4E-03,11787,S15E53,-15.0,-53.0,-729.6926613063551,-276.6208137495493,2013-07-05 11:32:00,11,2013-07-05
90,610,2013-07-05 12:55:00,2013-07-05 13:01:00,2013-07-05 13:04:00,C,C8.5,8.5e-06,2.5E-03,11787,S15E52,-15.0,-52.0,-720.0291124151554,-277.4464907113012,2013-07-05 13:04:00,13,2013-07-05
91,611,2013-07-05 15:31:00,2013-07-05 15:42:00,2013-07-05 15:53:00,C,C3.6,3.6e-06,3.3E-03,11787,S15E51,-15.0,-51.0,-710.1443959528115,-278.30914613348216,2013-07-05 15:53:00,15,2013-07-05
92,613,2013-07-05 19:31:00,2013-07-05 19:42:00,2013-07-05 19:54:00,C,C4.9,4.9000000000000005e-06,4.9E-03,11787,S15E48,-15.0,-48.0,-679.1942615094595,-280.6870904105727,2013-07-05 19:54:00,19,2013-07-05
93,616,2013-07-07 12:05:00,2013-07-07 12:13:00,2013-07-07 12:20:00,C,C1.7,1.6999999999999998e-06,1.1E-03,11785,S08E06,-8.0,-6.0,-98.0972348190844,-189.8314455217618,2013-07-07 12:20:00,12,2013-07-07
94,617,2013-07-09 13:25:00,2013-07-09 13:32:00,2013-07-09 13:36:00,C,C2.3,2.3e-06,8.3E-04,11785,S10W21,-10.0,21.0,334.37107195565903,-221.7117950185127,2013-07-09 13:36:00,13,2013-07-09
95,621,2013-07-12 17:16:00,2013-07-12 17:33:00,2013-07-12 17:55:00,C,C3.5,3.5e-06,5.6E-03,11785,S16W73,-16.0,73.0,868.4459846086864,-278.7511878413524,2013-07-12 17:55:00,17,2013-07-12
96,622,2013-07-14 16:51:00,2013-07-14 17:00:00,2013-07-14 17:08:00,C,C1.8,1.8e-06,1.4E-03,11785,S16W88,-16.0,88.0,906.6279544226766,-261.77104392681605,2013-07-14 17:08:00,17,2013-07-14
97,633,2013-07-28 12:12:00,2013-07-28 12:21:00,2013-07-28 12:29:00,C,C3.2,3.2e-06,2.2E-03,11800,S10W62,-10.0,62.0,823.1251289096327,-205.7170095456755,2013-07-28 12:29:00,12,2013-07-28
98,642,2013-08-12 10:21:00,2013-08-12 10:41:00,2013-08-12 10:47:00,M,M1.5,1.5000000000000002e-05,9.6E-03,11817,S21E17,-21.0,-17.0,-259.39984621829353,-434.5912074606858,2013-08-12 10:47:00,10,2013-08-12
99,643,2013-08-13 11:35:00,2013-08-13 11:46:00,2013-08-13 11:52:00,C,C2.8,2.8e-06,1.9E-03,11809,N12W88,12.0,88.0,925.817859871993,191.91888110275173,2013-08-13 11:52:00,11,2013-08-13
100,646,2013-08-13 18:46:00,2013-08-13 18:50:00,2013-08-13 18:52:00,C,C4.6,4.599999999999999e-06,8.9E-04,11809,N11W88,11.0,88.0,929.1538449004042,175.80831922253634,2013-08-13 18:52:00,18,2013-08-13
101,648,2013-08-14 16:50:00,2013-08-14 16:55:00,2013-08-14 17:11:00,C,C3.6,3.6e-06,3.3E-03,11817,S21W13,-21.0,13.0,199.6790541106297,-438.2929637561518,2013-08-14 17:11:00,16,2013-08-14
102,652,2013-08-15 17:48:00,2013-08-15 17:56:00,2013-08-15 18:04:00,C,C2.1,2.1e-06,1.5E-03,11818,S05W02,-5.0,2.0,33.08065962236313,-192.5368225277784,2013-08-15 18:04:00,17,2013-08-15
103,655,2013-08-16 13:11:00,2013-08-16 13:18:00,2013-08-16 13:22:00,C,C2.6,2.6e-06,9.1E-04,11818,S05W14,-5.0,14.0,229.3183628117716,-189.9281566204758,2013-08-16 13:22:00,13,2013-08-16
104,656,2013-08-17 13:27:00,2013-08-17 13:49:00,2013-08-17 14:24:00,C,C1.8,1.8e-06,4.9E-03,     ,N17E88,17.0,-88.0,-905.8765635651072,271.4698535351505,2013-08-17 14:24:00,13,2013-08-17
105,657,2013-08-17 18:16:00,2013-08-17 18:24:00,2013-08-17 18:35:00,M,M3.3,3.3e-05,2.1E-02,11818,S04W30,-4.0,30.0,474.4940713222868,-162.78743646668156,2013-08-17 18:35:00,18,2013-08-17
106,670,2013-08-31 17:20:00,2013-08-31 17:36:00,2013-08-31 17:51:00,C,C2.6,2.6e-06,3.2E-03,11836,N11E30,11.0,-30.0,-468.32525317394175,79.1066440923249,2013-08-31 17:51:00,17,2013-08-31
107,671,2013-09-01 14:16:00,2013-09-01 14:20:00,2013-09-01 14:25:00,C,C1.7,1.6999999999999998e-06,5.7E-04,11834,N12W29,12.0,29.0,452.59462086244577,94.48319865242703,2013-09-01 14:25:00,14,2013-09-01
108,677,2013-09-20 11:39:00,2013-09-20 11:53:00,2013-09-20 12:03:00,C,C3.8,3.8e-06,3.4E-03,11850,N08E77,8.0,-77.0,-922.7255819004496,105.74145220785006,2013-09-20 12:03:00,11,2013-09-20
109,678,2013-09-20 12:46:00,2013-09-20 12:51:00,2013-09-20 13:00:00,C,C2.3,2.3e-06,1.3E-03,11850,N07E76,7.0,-76.0,-921.0572231446858,87.28144701831086,2013-09-20 13:00:00,12,2013-09-20
110,705,2013-10-14 12:56:00,2013-10-14 13:15:00,2013-10-14 13:36:00,C,C8.0,8e-06,1.3E-02,11865,S21W02,-21.0,2.0,31.46746535333767,-436.9942109213507,2013-10-14 13:36:00,13,2013-10-14
111,711,2013-10-15 14:37:00,2013-10-15 14:57:00,2013-10-15 15:09:00,C,C4.4,4.4e-06,5.6E-03,11865,S21W19,-21.0,19.0,293.57495180238914,-430.9106844495284,2013-10-15 15:09:00,14,2013-10-15
112,712,2013-10-15 15:22:00,2013-10-15 15:36:00,2013-10-15 15:49:00,C,C6.5,6.5e-06,7.6E-03,11865,S22W18,-22.0,18.0,276.7402788953343,-446.3904116165259,2013-10-15 15:49:00,15,2013-10-15
113,717,2013-10-16 14:26:00,2013-10-16 14:32:00,2013-10-16 14:40:00,C,C8.9,8.9e-06,4.4E-03,11865,S21W30,-21.0,30.0,450.8398509658864,-422.6377033158291,2013-10-16 14:40:00,14,2013-10-16
114,722,2013-10-17 10:25:00,2013-10-17 10:32:00,2013-10-17 10:37:00,C,C5.8,5.8e-06,2.8E-03,11861,S09W56,-9.0,56.0,790.169954078858,-203.0347236051589,2013-10-17 10:37:00,10,2013-10-17
115,723,2013-10-17 11:47:00,2013-10-17 12:04:00,2013-10-17 12:15:00,C,C4.8,4.8e-06,5.6E-03,11861,S09W58,-9.0,58.0,808.1934591600576,-200.208114759892,2013-10-17 12:15:00,12,2013-10-17
116,724,2013-10-17 15:09:00,2013-10-17 15:41:00,2013-10-17 15:58:00,M,M1.2,1.2e-05,2.5E-02,11861,S09W63,-9.0,63.0,848.8704032779082,-192.9033550065496,2013-10-17 15:58:00,15,2013-10-17
117,726,2013-10-18 10:17:00,2013-10-18 10:34:00,2013-10-18 10:48:00,C,C5.0,5e-06,7.5E-03,11861,S09W73,-9.0,73.0,910.6107506418708,-177.3053782106329,2013-10-18 10:48:00,10,2013-10-18
118,728,2013-10-18 15:15:00,2013-10-18 15:26:00,2013-10-18 15:39:00,C,C8.4,8.4e-06,9.5E-03,11861,S09W78,-9.0,78.0,931.1030761819896,-169.33616964926367,2013-10-18 15:39:00,15,2013-10-18
119,747,2013-10-22 14:49:00,2013-10-22 15:20:00,2013-10-22 15:28:00,M,M1.0,1e-05,1.5E-02,11875,N05E08,5.0,-8.0,-134.27251962199807,-3.5465009736642203,2013-10-22 15:28:00,15,2013-10-22
120,750,2013-10-23 11:11:00,2013-10-23 11:17:00,2013-10-23 11:21:00,C,C6.5,6.5e-06,2.1E-03,11875,N04W07,4.0,7.0,117.7681255486818,-19.40964372243464,2013-10-23 11:21:00,11,2013-10-23
121,757,2013-10-24 10:30:00,2013-10-24 10:33:00,2013-10-24 10:37:00,M,M3.5,3.5000000000000004e-05,8.0E-03,11875,N06W12,6.0,12.0,200.3416570889053,17.085401470879404,2013-10-24 10:37:00,10,2013-10-24
122,767,2013-10-25 14:31:00,2013-10-25 14:38:00,2013-10-25 14:45:00,C,C7.9,7.9e-06,4.2E-03,11882,S08E68,-8.0,-68.0,-887.2898313018959,-165.19339386777588,2013-10-25 14:45:00,14,2013-10-25
123,768,2013-10-25 14:51:00,2013-10-25 15:03:00,2013-10-25 15:12:00,X,X2.1,0.00021,1.6E-01,11882,S06E69,-6.0,-69.0,-897.20388297108,-130.60217643418412,2013-10-25 15:12:00,15,2013-10-25
124,769,2013-10-25 17:02:00,2013-10-25 17:09:00,2013-10-25 17:16:00,M,M1.3,1.3e-05,8.0E-03,11882,S08E67,-8.0,-67.0,-880.9887293558568,-166.49349841861934,2013-10-25 17:16:00,17,2013-10-25
125,785,2013-10-27 12:36:00,2013-10-27 12:48:00,2013-10-27 12:52:00,M,M3.5,3.5000000000000004e-05,1.6E-02,11875,S11E73,-11.0,-73.0,-907.2624028292483,-207.04842261762496,2013-10-27 12:52:00,12,2013-10-27
126,786,2013-10-27 13:39:00,2013-10-27 13:47:00,2013-10-27 14:06:00,C,C4.0,4e-06,5.2E-03,11877,N11W89,11.0,89.0,947.5309605672624,182.1720072911513,2013-10-27 14:06:00,13,2013-10-27
127,800,2013-10-31 13:36:00,2013-10-31 13:51:00,2013-10-31 14:02:00,M,M1.9,1.9e-05,1.9E-02,11877,S09W88,-9.0,88.0,953.8906000330971,-153.29143212676053,2013-10-31 14:02:00,13,2013-10-31
128,812,2013-11-03 16:22:00,2013-11-03 16:28:00,2013-11-03 16:43:00,C,C9.9,9.9e-06,8.4E-03,11890,S09E71,-9.0,-71.0,-904.4119305862114,-173.39321052905694,2013-11-03 16:43:00,16,2013-11-03
129,831,2013-11-06 13:39:00,2013-11-06 13:46:00,2013-11-06 13:53:00,M,M3.8,3.8e-05,1.9E-02,11890,S12E35,-12.0,-35.0,-544.9612777968869,-253.03970738426344,2013-11-06 13:53:00,13,2013-11-06
130,836,2013-11-07 12:22:00,2013-11-07 12:29:00,2013-11-07 12:34:00,C,C5.9,5.9e-06,2.4E-03,11890,S13E23,-13.0,-23.0,-370.0584971013013,-274.36016812412595,2013-11-07 12:34:00,12,2013-11-07
131,837,2013-11-07 14:15:00,2013-11-07 14:25:00,2013-11-07 14:31:00,M,M2.4,2.4e-05,1.2E-02,11890,S13E22,-13.0,-22.0,-354.8050496140495,-274.6525525664738,2013-11-07 14:31:00,14,2013-11-07
132,840,2013-11-07 16:21:00,2013-11-07 16:26:00,2013-11-07 16:29:00,C,C6.0,6e-06,1.6E-03,11890,S12E21,-12.0,-21.0,-340.7656973616686,-258.6065548384487,2013-11-07 16:29:00,16,2013-11-07
133,904,2013-11-18 13:32:00,2013-11-18 14:15:00,2013-11-18 14:35:00,C,C7.0,7e-06,1.6E-02,11893,S14W61,-14.0,61.0,825.380384870706,-254.426593576504,2013-11-18 14:35:00,14,2013-11-18
134,927,2013-11-23 12:49:00,2013-11-23 12:57:00,2013-11-23 13:05:00,M,M1.0,1e-05,6.8E-03,11904,N12W64,12.0,64.0,855.8065405840548,189.04635438860328,2013-11-23 13:05:00,12,2013-11-23
135,1004,2013-12-22 14:24:00,2013-12-22 14:38:00,2013-12-22 14:48:00,M,M1.6,1.6000000000000003e-05,1.5E-02,11934,S16E44,-16.0,-44.0,-653.3228489053436,-247.50076624560228,2013-12-22 14:48:00,14,2013-12-22
136,1005,2013-12-22 15:06:00,2013-12-22 15:12:00,2013-12-22 15:19:00,M,M3.3,3.3e-05,1.6E-02,11928,S17W55,-17.0,55.0,765.9190217664836,-268.20552860750286,2013-12-22 15:19:00,15,2013-12-22
137,1036,2013-12-29 14:39:00,2013-12-29 14:46:00,2013-12-29 14:50:00,C,C5.1,5.1e-06,1.9E-03,11936,S16W05,-16.0,5.0,82.09675681081302,-225.2324232635356,2013-12-29 14:50:00,14,2013-12-29
138,1045,2014-01-01 15:40:00,2014-01-01 15:48:00,2014-01-01 16:09:00,C,C6.5,6.5e-06,9.5E-03,11944,S06E89,-6.0,-89.0,-970.076072503114,-100.9166780185642,2014-01-01 16:09:00,15,2014-01-01
139,1053,2014-01-03 12:41:00,2014-01-03 12:50:00,2014-01-03 12:54:00,M,M1.0,1e-05,5.1E-03,11944,S04E52,-4.0,-52.0,-769.0594094528351,-33.56272144300032,2014-01-03 12:54:00,12,2014-01-03
140,1054,2014-01-03 15:05:00,2014-01-03 15:35:00,2014-01-03 16:05:00,C,C6.9,6.9e-06,5.6E-03,11944,S05E60,-5.0,-60.0,-843.5775740712415,-56.960199334501226,2014-01-03 16:05:00,15,2014-01-03
141,1058,2014-01-04 15:33:00,2014-01-04 15:41:00,2014-01-04 15:47:00,C,C9.4,9.4e-06,4.9E-03,11944,S04E36,-4.0,-36.0,-574.1760356079321,-20.9582129957294,2014-01-04 15:47:00,15,2014-01-04
142,1060,2014-01-05 15:11:00,2014-01-05 15:18:00,2014-01-05 15:31:00,C,C6.6,6.6e-06,6.2E-03,11944,S06E32,-6.0,-32.0,-516.1643986806739,-51.2156763763025,2014-01-05 15:31:00,15,2014-01-05
143,1076,2014-01-11 13:00:00,2014-01-11 13:10:00,2014-01-11 13:22:00,C,C6.5,6.5e-06,6.1E-03,11944,S10W45,-10.0,45.0,681.4886895602511,-119.80014053691802,2014-01-11 13:22:00,13,2014-01-11
144,1091,2014-01-17 13:55:00,2014-01-17 14:03:00,2014-01-17 14:10:00,C,C7.2,7.2e-06,3.9E-03,11959,S23E88,-23.0,-88.0,-897.258461412508,-377.1454568722913,2014-01-17 14:10:00,14,2014-01-17
145,1093,2014-01-17 16:03:00,2014-01-17 16:08:00,2014-01-17 16:11:00,C,C8.9,8.9e-06,2.2E-03,11959,S23E88,-23.0,-88.0,-897.2528294315562,-377.1336344746032,2014-01-17 16:11:00,16,2014-01-17
146,1221,2014-02-22 15:07:00,2014-02-22 15:50:00,2014-02-22 16:13:00,C,C7.7,7.699999999999999e-06,1.7E-02,     ,S13E88,-13.0,-88.0,-944.4661343267652,-212.4381718720996,2014-02-22 16:13:00,15,2014-02-22
147,2243,2015-03-01 15:33:00,2015-03-01 16:13:00,2015-03-01 16:31:00,C,C6.8,6.799999999999999e-06,1.3E-02,12290,N22W86,22.0,86.0,895.5122730727026,367.6870763819072,2015-03-01 16:31:00,16,2015-03-01
148,2254,2015-03-03 13:21:00,2015-03-03 13:37:00,2015-03-03 13:59:00,C,C4.0,4e-06,6.4E-03,12290,N16W87,16.0,87.0,928.9772658375584,270.7532245144954,2015-03-03 13:59:00,13,2015-03-03
149,2258,2015-03-05 17:06:00,2015-03-05 18:11:00,2015-03-05 18:26:00,M,M1.2,1.2e-05,2.3E-02,12297,S14E88,-14.0,-88.0,-938.1304461229593,-228.037884301466,2015-03-05 18:26:00,18,2015-03-05
150,2278,2015-03-11 11:21:00,2015-03-11 11:34:00,2015-03-11 12:01:00,C,C5.8,5.8e-06,1.0E-02,12297,S16E24,-16.0,-24.0,-379.1708483102266,-158.02675413539976,2015-03-11 12:01:00,11,2015-03-11
151,2279,2015-03-11 13:05:00,2015-03-11 13:16:00,2015-03-11 13:23:00,C,C2.3,2.3e-06,1.8E-03,12297,S17E25,-17.0,-25.0,-391.9196572252549,-175.52393539723144,2015-03-11 13:23:00,13,2015-03-11
152,2280,2015-03-11 14:30:00,2015-03-11 14:38:00,2015-03-11 14:46:00,C,C2.0,2e-06,1.5E-03,     ,S17E21,-17.0,-21.0,-332.3715866662096,-172.3696784489082,2015-03-11 14:46:00,14,2015-03-11
153,2282,2015-03-11 16:11:00,2015-03-11 16:22:00,2015-03-11 16:29:00,X,X2.1,0.00021,1.2E-01,12297,S17E22,-17.0,-22.0,-347.41562923183665,-173.11919308211702,2015-03-11 16:29:00,16,2015-03-11
154,2283,2015-03-11 18:37:00,2015-03-11 18:51:00,2015-03-11 18:57:00,M,M1.0,1e-05,6.3E-03,12297,S15E18,-15.0,-18.0,-289.49958768091165,-136.96870234009538,2015-03-11 18:57:00,18,2015-03-11
155,2286,2015-03-12 11:38:00,2015-03-12 11:50:00,2015-03-12 12:02:00,M,M1.6,1.6000000000000003e-05,1.5E-02,12297,S17E11,-17.0,-11.0,-176.96260285261087,-166.9238894885374,2015-03-12 12:02:00,11,2015-03-12
156,2287,2015-03-12 12:09:00,2015-03-12 12:14:00,2015-03-12 12:18:00,M,M1.4,1.4e-05,5.5E-03,12297,S18E05,-18.0,-5.0,-80.3911179320421,-181.89097690147327,2015-03-12 12:18:00,12,2015-03-12
157,2288,2015-03-12 13:50:00,2015-03-12 14:08:00,2015-03-12 14:13:00,M,M4.2,4.2e-05,2.1E-02,12297,S15E06,-15.0,-6.0,-97.92407836415804,-132.00048469461632,2015-03-12 14:13:00,14,2015-03-12
158,2296,2015-03-14 11:44:00,2015-03-14 11:55:00,2015-03-14 12:24:00,C,C2.6,2.6e-06,4.3E-03,12297,S19W20,-19.0,20.0,313.38057037000993,-205.2818338519038,2015-03-14 12:24:00,11,2015-03-14
159,2297,2015-03-14 13:21:00,2015-03-14 13:26:00,2015-03-14 13:30:00,C,C1.7,1.6999999999999998e-06,6.0E-04,12297,S15W18,-15.0,18.0,289.2759363280744,-137.47973502096033,2015-03-14 13:30:00,13,2015-03-14
160,2298,2015-03-14 18:37:00,2015-03-14 18:45:00,2015-03-14 18:48:00,C,C5.3,5.299999999999999e-06,1.8E-03,12297,S16W22,-16.0,22.0,348.91947542669885,-157.00146074296782,2015-03-14 18:48:00,18,2015-03-14
161,2303,2015-03-15 11:31:00,2015-03-15 12:03:00,2015-03-15 12:20:00,C,C6.8,6.799999999999999e-06,1.3E-02,12297,S19W26,-19.0,26.0,401.4790873243877,-210.1391145633359,2015-03-15 12:20:00,12,2015-03-15
162,2350,2015-03-29 13:18:00,2015-03-29 13:23:00,2015-03-29 13:31:00,C,C2.7,2.7e-06,1.6E-03,12303,N17W79,17.0,79.0,902.5659069280345,299.6390627442919,2015-03-29 13:31:00,13,2015-03-29
163,2352,2015-03-29 15:24:00,2015-03-29 15:30:00,2015-03-29 15:38:00,C,C3.2,3.2e-06,2.1E-03,12303,N17W79,17.0,79.0,902.5437808779172,299.6212803224214,2015-03-29 15:38:00,15,2015-03-29
164,2361,2015-04-08 14:37:00,2015-04-08 14:43:00,2015-04-08 14:47:00,M,M1.4,1.4e-05,4.0E-03,12320,S13W04,-13.0,4.0,65.41863564116444,-115.65782434139224,2015-04-08 14:47:00,14,2015-04-08
165,2362,2015-04-09 17:13:00,2015-04-09 17:29:00,2015-04-09 17:38:00,C,C5.9,5.9e-06,6.3E-03,12320,S13W21,-13.0,21.0,335.8761250250336,-123.14651511234094,2015-04-09 17:38:00,17,2015-04-09
166,2363,2015-04-09 18:51:00,2015-04-09 19:01:00,2015-04-09 19:05:00,C,C6.2,6.2e-06,3.0E-03,12320,S14W21,-14.0,21.0,334.4618687402796,-139.8338150267532,2015-04-09 19:05:00,19,2015-04-09
167,2371,2015-04-12 08:51:00,2015-04-12 09:50:00,2015-04-12 10:44:00,M,M1.1,1.1e-05,4.3E-02,12321,N11E78,11.0,-78.0,-919.6737609577832,201.72827398421137,2015-04-12 10:44:00,9,2015-04-12
168,2375,2015-04-12 17:58:00,2015-04-12 18:07:00,2015-04-12 18:10:00,C,C9.0,9e-06,3.9E-03,12321,N12E60,12.0,-60.0,-812.3429288896732,245.91665156371164,2015-04-12 18:10:00,18,2015-04-12
169,2383,2015-04-16 09:00:00,2015-04-16 09:07:00,2015-04-16 09:14:00,C,C5.7,5.7e-06,3.1E-03,12324,N21E47,21.0,-47.0,-654.4874270902947,400.84531515602816,2015-04-16 09:14:00,9,2015-04-16
170,2384,2015-04-16 11:17:00,2015-04-16 11:22:00,2015-04-16 11:30:00,C,C2.3,2.3e-06,1.3E-03,12321,N10E08,10.0,-8.0,-131.59373991610482,256.23577540301613,2015-04-16 11:30:00,11,2015-04-16
171,2392,2015-04-18 13:26:00,2015-04-18 13:37:00,2015-04-18 13:46:00,C,C2.3,2.3e-06,1.8E-03,12325,N02E28,2.0,-28.0,-450.0474925895687,112.43371088402768,2015-04-18 13:46:00,13,2015-04-18
172,2393,2015-04-18 14:03:00,2015-04-18 14:19:00,2015-04-18 14:39:00,C,C5.2,5.2e-06,8.3E-03,12321,N07W15,7.0,15.0,246.48760935433523,202.36116104055736,2015-04-18 14:39:00,14,2015-04-18
173,2394,2015-04-18 18:09:00,2015-04-18 18:25:00,2015-04-18 18:38:00,C,C2.9,2.9e-06,3.8E-03,12321,N10W24,10.0,24.0,384.2055025582431,246.2370191563736,2015-04-18 18:38:00,18,2015-04-18
174,2396,2015-04-21 09:55:00,2015-04-21 10:02:00,2015-04-21 10:14:00,C,C2.4,2.4e-06,2.1E-03,12322,N10W80,10.0,80.0,926.4528424029417,179.7910805261854,2015-04-21 10:14:00,10,2015-04-21
175,2397,2015-04-21 10:17:00,2015-04-21 10:40:00,2015-04-21 10:59:00,M,M2.2,2.2000000000000003e-05,3.7E-02,     ,N16E80,16.0,-80.0,-904.2434501401148,276.458541047333,2015-04-21 10:59:00,10,2015-04-21
176,2398,2015-04-21 11:49:00,2015-04-21 11:57:00,2015-04-21 12:02:00,M,M2.2,2.2000000000000003e-05,1.1E-02,12322,N10W80,10.0,80.0,926.4332180768556,179.76936556589132,2015-04-21 12:02:00,11,2015-04-21
177,2399,2015-04-21 15:24:00,2015-04-21 15:45:00,2015-04-21 15:51:00,M,M4.0,4e-05,2.3E-02,12322,N10W80,10.0,80.0,926.3962520606724,179.7283531519036,2015-04-21 15:51:00,15,2015-04-21
178,2400,2015-04-21 16:55:00,2015-04-21 17:00:00,2015-04-21 17:09:00,M,M2.1,2.1e-05,1.2E-02,12322,N10W80,10.0,80.0,926.3806235041412,179.71097129644417,2015-04-21 17:09:00,17,2015-04-21
179,2403,2015-04-22 08:30:00,2015-04-22 08:44:00,2015-04-22 08:58:00,M,M1.1,1.1e-05,1.2E-02,12322,N09W80,9.0,80.0,928.9384611184566,163.19913447387188,2015-04-22 08:58:00,8,2015-04-22
180,2404,2015-04-22 12:11:00,2015-04-22 12:15:00,2015-04-22 12:20:00,C,C1.4,1.4e-06,5.5E-04,     ,N21W37,21.0,37.0,537.9357400017586,404.2907441147972,2015-04-22 12:20:00,12,2015-04-22
181,2405,2015-04-23 09:18:00,2015-04-23 10:07:00,2015-04-23 11:10:00,M,M1.1,1.1e-05,5.7E-02,12322,N07W80,7.0,80.0,933.2691763957596,130.1049584593835,2015-04-23 11:10:00,10,2015-04-23
182,2406,2015-04-23 11:58:00,2015-04-23 12:03:00,2015-04-23 12:08:00,C,C7.3,7.299999999999999e-06,3.1E-03,12326,N19W74,19.0,74.0,868.0520508145611,331.190452255012,2015-04-23 12:08:00,12,2015-04-23
183,2407,2015-04-23 14:56:00,2015-04-23 15:20:00,2015-04-23 15:29:00,C,C3.1,3.1e-06,4.3E-03,12325,S01W38,-1.0,38.0,589.4055657637582,48.07570662330214,2015-04-23 15:29:00,15,2015-04-23
184,2421,2015-05-04 10:23:00,2015-05-04 10:32:00,2015-05-04 10:38:00,C,C2.0,2e-06,1.3E-03,     ,N12E80,12.0,-80.0,-917.128760745516,208.40914838372083,2015-05-04 10:38:00,10,2015-05-04
185,2425,2015-05-05 09:11:00,2015-05-05 09:20:00,2015-05-05 09:30:00,C,C3.7,3.7e-06,3.5E-03,12339,N12E81,12.0,-81.0,-919.5267169305588,207.03523948389665,2015-05-05 09:30:00,9,2015-05-05
186,2426,2015-05-05 09:42:00,2015-05-05 09:47:00,2015-05-05 09:51:00,M,M1.9,1.9e-05,5.4E-03,12339,N14E82,14.0,-82.0,-914.4379777670838,238.18260820301649,2015-05-05 09:51:00,9,2015-05-05
187,2427,2015-05-05 11:20:00,2015-05-05 11:29:00,2015-05-05 11:43:00,C,C6.6,6.6e-06,6.1E-03,12335,S17E19,-17.0,-19.0,-297.4007670360152,-222.02526822214267,2015-05-05 11:43:00,11,2015-05-05
188,2429,2015-05-05 13:45:00,2015-05-05 13:53:00,2015-05-05 13:56:00,M,M1.2,1.2e-05,4.6E-03,12339,N14E82,14.0,-82.0,-914.4004606066736,238.13795263737285,2015-05-05 13:56:00,13,2015-05-05
189,2430,2015-05-05 14:19:00,2015-05-05 14:25:00,2015-05-05 14:32:00,M,M1.3,1.3e-05,6.7E-03,12335,S16E17,-16.0,-17.0,-268.46984173962846,-205.3413959085566,2015-05-05 14:32:00,14,2015-05-05
190,2433,2015-05-05 17:12:00,2015-05-05 17:24:00,2015-05-05 17:30:00,M,M2.6,2.6e-05,1.3E-02,12335,S16E15,-16.0,-15.0,-237.66327871615067,-204.9649951771677,2015-05-05 17:30:00,17,2015-05-05
191,2442,2015-05-07 09:54:00,2015-05-07 10:02:00,2015-05-07 10:22:00,C,C4.3,4.3e-06,5.6E-03,12339,N14E58,14.0,-58.0,-784.0979731194675,260.4700635101603,2015-05-07 10:22:00,10,2015-05-07
192,2443,2015-05-07 15:22:00,2015-05-07 15:30:00,2015-05-07 15:43:00,C,C1.8,1.8e-06,1.9E-03,12339,N11E57,11.0,-57.0,-784.5257530473173,212.86813072766245,2015-05-07 15:43:00,15,2015-05-07
193,2444,2015-05-07 16:49:00,2015-05-07 16:54:00,2015-05-07 17:03:00,C,C2.8,2.8e-06,1.6E-03,12339,N15E52,15.0,-52.0,-725.522729066899,281.0864240727368,2015-05-07 17:03:00,16,2015-05-07
194,2445,2015-05-07 19:47:00,2015-05-07 20:00:00,2015-05-07 20:09:00,C,C5.0,5e-06,4.4E-03,12339,N15E51,15.0,-51.0,-715.5419059114065,281.7385668841201,2015-05-07 20:09:00,20,2015-05-07
195,2448,2015-05-08 09:37:00,2015-05-08 09:40:00,2015-05-08 09:42:00,C,C4.1,4.1e-06,4.9E-04,12339,N10E49,10.0,-49.0,-708.5116688588168,202.29699864671835,2015-05-08 09:42:00,9,2015-05-08
196,2456,2015-05-10 12:45:00,2015-05-10 13:03:00,2015-05-10 13:23:00,C,C2.2,2.2e-06,4.2E-03,12339,N13E18,13.0,-18.0,-287.2502852221951,263.90788307860754,2015-05-10 13:23:00,13,2015-05-10
197,2457,2015-05-10 17:04:00,2015-05-10 17:11:00,2015-05-10 17:19:00,C,C2.4,2.4e-06,1.6E-03,12339,N13E13,13.0,-13.0,-209.1190189109184,264.83463449288104,2015-05-10 17:19:00,17,2015-05-10
198,2463,2015-05-12 11:45:00,2015-05-12 11:51:00,2015-05-12 11:56:00,C,C3.0,3e-06,1.3E-03,12339,N09W06,9.0,6.0,98.4760432236648,198.09091820852183,2015-05-12 11:56:00,11,2015-05-12
199,2464,2015-05-13 09:40:00,2015-05-13 09:45:00,2015-05-13 10:04:00,C,C2.3,2.3e-06,2.5E-03,12339,N08W17,8.0,17.0,276.06078688339045,178.2299460523778,2015-05-13 10:04:00,9,2015-05-13
200,2465,2015-05-13 11:04:00,2015-05-13 11:11:00,2015-05-13 11:14:00,C,C3.2,3.2e-06,1.2E-03,12339,N09W33,9.0,33.0,512.6244943404639,188.74546661871355,2015-05-13 11:14:00,11,2015-05-13
201,2466,2015-05-13 18:09:00,2015-05-13 18:18:00,2015-05-13 18:38:00,C,C9.2,9.199999999999998e-06,1.2E-02,12345,N12W17,12.0,17.0,272.6412810473797,242.48354729809583,2015-05-13 18:38:00,18,2015-05-13
202,2467,2015-05-14 13:58:00,2015-05-14 14:08:00,2015-05-14 14:24:00,C,C2.8,2.8e-06,3.4E-03,12342,N18E01,18.0,-1.0,-15.82177770184353,338.0009460736852,2015-05-14 14:24:00,14,2015-05-14
203,2468,2015-05-14 16:17:00,2015-05-14 16:31:00,2015-05-14 16:41:00,C,C2.1,2.1e-06,2.4E-03,12339,N16W39,16.0,39.0,576.0914887605594,296.4161097658915,2015-05-14 16:41:00,16,2015-05-14
204,2469,2015-05-14 17:45:00,2015-05-14 17:53:00,2015-05-14 17:59:00,C,C4.8,4.8e-06,2.4E-03,12339,N09W50,9.0,50.0,720.1655273017357,177.7286751142392,2015-05-14 17:59:00,17,2015-05-14
205,2480,2015-06-05 17:24:00,2015-06-05 17:34:00,2015-06-05 17:45:00,C,C3.5,3.5e-06,3.2E-03,12361,N14E55,14.0,-55.0,-753.3626640061848,230.724903992664,2015-06-05 17:45:00,17,2015-06-05
206,2491,2015-06-11 08:49:00,2015-06-11 08:55:00,2015-06-11 08:59:00,M,M1.0,1e-05,3.4E-03,12367,S19E83,-19.0,-83.0,-887.062830659328,-308.72055970294537,2015-06-11 08:59:00,8,2015-06-11
207,2492,2015-06-11 11:25:00,2015-06-11 11:32:00,2015-06-11 11:50:00,C,C3.8,3.8e-06,4.1E-03,12367,S20E82,-20.0,-82.0,-879.6243295611348,-324.4518114701362,2015-06-11 11:50:00,11,2015-06-11
208,2493,2015-06-11 11:56:00,2015-06-11 12:01:00,2015-06-11 12:04:00,C,C4.5,4.5e-06,1.4E-03,12367,S20E82,-20.0,-82.0,-879.6220587568823,-324.45642777377145,2015-06-11 12:04:00,12,2015-06-11
209,2494,2015-06-11 14:30:00,2015-06-11 14:37:00,2015-06-11 14:41:00,C,C8.7,8.7e-06,3.2E-03,12367,S20E82,-20.0,-82.0,-879.6108082816936,-324.4793588803868,2015-06-11 14:41:00,14,2015-06-11
210,2495,2015-06-11 15:12:00,2015-06-11 15:19:00,2015-06-11 15:23:00,C,C7.0,7e-06,2.6E-03,12367,S20E82,-20.0,-82.0,-879.6077487545554,-324.4856123902646,2015-06-11 15:23:00,15,2015-06-11
211,2497,2015-06-11 17:18:00,2015-06-11 17:26:00,2015-06-11 17:30:00,C,C4.5,4.5e-06,1.9E-03,12367,S20E82,-20.0,-82.0,-879.5985928741284,-324.5043718354534,2015-06-11 17:30:00,17,2015-06-11
212,2503,2015-06-12 15:20:00,2015-06-12 15:34:00,2015-06-12 15:37:00,C,C3.9,3.9e-06,2.4E-03,12360,S21E69,-21.0,-69.0,-824.5341470935382,-342.75492116375096,2015-06-12 15:37:00,15,2015-06-12
213,2505,2015-06-13 09:38:00,2015-06-13 09:45:00,2015-06-13 09:49:00,C,C5.8,5.8e-06,2.3E-03,12360,N14W77,14.0,77.0,893.8820173228453,225.93391463386067,2015-06-13 09:49:00,9,2015-06-13
214,2509,2015-06-13 14:25:00,2015-06-13 14:37:00,2015-06-13 14:45:00,C,C4.9,4.9000000000000005e-06,3.8E-03,12360,N14W81,14.0,81.0,905.805251521628,226.6446769602214,2015-06-13 14:45:00,14,2015-06-13
215,2525,2015-06-18 13:05:00,2015-06-18 13:10:00,2015-06-18 13:15:00,C,C3.5,3.5e-06,1.4E-03,12371,N09E47,9.0,-47.0,-684.0746127106249,132.69013992408122,2015-06-18 13:15:00,13,2015-06-18
216,2528,2015-06-19 09:19:00,2015-06-19 09:27:00,2015-06-19 09:38:00,C,C8.1,8.099999999999999e-06,6.1E-03,12371,N13E39,13.0,-39.0,-580.8924673183355,194.45252895809344,2015-06-19 09:38:00,9,2015-06-19
217,2534,2015-06-21 09:38:00,2015-06-21 09:44:00,2015-06-21 09:50:00,M,M3.8,3.8e-05,1.6E-02,12367,S17W57,-17.0,57.0,758.8021224408108,-291.28592575160155,2015-06-21 09:50:00,9,2015-06-21
218,2537,2015-06-21 15:35:00,2015-06-21 16:40:00,2015-06-21 17:44:00,C,C2.6,2.6e-06,1.3E-02,12367,S18W64,-18.0,64.0,808.336843971152,-304.11912395942727,2015-06-21 17:44:00,16,2015-06-21
219,2538,2015-06-21 18:10:00,2015-06-21 18:20:00,2015-06-21 18:28:00,M,M1.1,1.1e-05,7.9E-03,12367,S18W65,-18.0,65.0,815.0328843862704,-303.7450952160515,2015-06-21 18:28:00,18,2015-06-21
220,2553,2015-07-02 15:23:00,2015-07-02 15:30:00,2015-07-02 15:39:00,C,C3.7,3.7e-06,2.3E-03,12376,N14E39,14.0,-39.0,-578.1611655224115,191.4043843435333,2015-07-02 15:39:00,15,2015-07-02
221,2555,2015-07-03 09:10:00,2015-07-03 09:19:00,2015-07-03 09:24:00,C,C3.4,3.4e-06,1.6E-03,12378,S17E69,-17.0,-69.0,-843.6081750206649,-293.2604991736744,2015-07-03 09:24:00,9,2015-07-03
222,2557,2015-07-03 12:47:00,2015-07-03 12:51:00,2015-07-03 12:53:00,M,M1.5,1.5000000000000002e-05,2.3E-03,12378,S17E67,-17.0,-67.0,-831.9087943551131,-294.96924778090744,2015-07-03 12:53:00,12,2015-07-03
223,2559,2015-07-06 08:24:00,2015-07-06 08:44:00,2015-07-06 08:59:00,M,M1.0,1e-05,1.2E-02,12381,N13E41,13.0,-41.0,-605.1870602611452,171.3168182172733,2015-07-06 08:59:00,8,2015-07-06
224,2562,2015-07-06 11:36:00,2015-07-06 11:42:00,2015-07-06 11:46:00,C,C5.7,5.7e-06,2.0E-03,12381,N14E39,14.0,-39.0,-578.146668252768,186.1429803803177,2015-07-06 11:46:00,11,2015-07-06
225,2566,2015-07-06 20:32:00,2015-07-06 20:40:00,2015-07-06 20:50:00,M,M1.7,1.7e-05,1.2E-02,12381,N13E34,13.0,-34.0,-516.0038980818354,166.58005481206644,2015-07-06 20:50:00,20,2015-07-06
226,2575,2015-07-18 14:28:00,2015-07-18 14:42:00,2015-07-18 14:52:00,C,C1.8,1.8e-06,1.8E-03,12388,N14W80,14.0,80.0,902.6436385028028,214.94732558841653,2015-07-18 14:52:00,14,2015-07-18
227,2577,2015-07-24 14:35:00,2015-07-24 14:44:00,2015-07-24 14:49:00,C,C2.0,2e-06,1.0E-03,12389,S13E67,-13.0,-67.0,-848.3223461997695,-244.28458275930424,2015-07-24 14:49:00,14,2015-07-24
228,2578,2015-07-24 17:49:00,2015-07-24 17:55:00,2015-07-24 18:00:00,C,C2.6,2.6e-06,9.4E-04,12389,S12E66,-12.0,-66.0,-845.2554090486374,-229.7845867719657,2015-07-24 18:00:00,17,2015-07-24
229,2584,2015-08-07 14:01:00,2015-08-07 14:49:00,2015-08-07 15:11:00,C,C1.8,1.8e-06,5.1E-03,12396,S17E10,-17.0,-10.0,-157.72110532177612,-372.64555751875423,2015-08-07 15:11:00,14,2015-08-07
230,2588,2015-08-07 18:53:00,2015-08-07 19:10:00,2015-08-07 19:24:00,C,C3.4,3.4e-06,5.0E-03,12396,S17E08,-17.0,-8.0,-126.41473297704944,-373.3929944902872,2015-08-07 19:24:00,19,2015-08-07
231,2589,2015-08-07 19:34:00,2015-08-07 19:41:00,2015-08-07 19:50:00,C,C5.4,5.4e-06,3.8E-03,12396,S17E08,-17.0,-8.0,-126.41524133924396,-373.42141507999867,2015-08-07 19:50:00,19,2015-08-07
232,2598,2015-08-21 09:34:00,2015-08-21 09:48:00,2015-08-21 10:07:00,M,M1.4,1.4e-05,1.8E-02,12403,S17E26,-17.0,-26.0,-398.9699265086092,-374.4787048255423,2015-08-21 10:07:00,9,2015-08-21
233,2602,2015-08-22 09:09:00,2015-08-22 09:21:00,2015-08-22 09:39:00,C,C5.1,5.1e-06,7.6E-03,12403,S12E20,-12.0,-20.0,-318.5561350057833,-302.1867730083088,2015-08-22 09:39:00,9,2015-08-22
234,2603,2015-08-22 10:21:00,2015-08-22 10:25:00,2015-08-22 10:31:00,C,C6.3,6.3e-06,2.4E-03,12403,S15E21,-15.0,-21.0,-329.5796905781608,-348.2990161225217,2015-08-22 10:31:00,10,2015-08-22
235,2604,2015-08-22 11:17:00,2015-08-22 11:34:00,2015-08-22 11:47:00,C,C3.4,3.4e-06,4.6E-03,12403,S18E19,-18.0,-19.0,-294.7964041410014,-395.4598578244016,2015-08-22 11:47:00,11,2015-08-22
236,2611,2015-08-23 11:15:00,2015-08-23 11:21:00,2015-08-23 11:26:00,C,C1.7,1.6999999999999998e-06,8.1E-04,12403,S16E07,-16.0,-7.0,-111.5884937432129,-370.9240214208036,2015-08-23 11:26:00,11,2015-08-23
237,2612,2015-08-23 18:56:00,2015-08-23 19:07:00,2015-08-23 19:27:00,C,C3.9,3.9e-06,5.9E-03,12403,S17E02,-17.0,-2.0,-31.79272349900566,-387.12196442397175,2015-08-23 19:27:00,19,2015-08-23
238,2621,2015-08-24 15:08:00,2015-08-24 15:13:00,2015-08-24 15:16:00,C,C5.8,5.8e-06,1.4E-03,12403,S17W06,-17.0,6.0,95.23853123903078,-387.0538128438581,2015-08-24 15:16:00,15,2015-08-24
239,2623,2015-08-24 17:40:00,2015-08-24 17:46:00,2015-08-24 17:49:00,M,M1.0,1e-05,2.7E-03,12403,S14W04,-14.0,4.0,64.49504564907326,-341.4028185064223,2015-08-24 17:49:00,17,2015-08-24
240,2628,2015-08-25 11:55:00,2015-08-25 11:59:00,2015-08-25 12:03:00,C,C2.3,2.3e-06,6.6E-04,12403,S17W18,-17.0,18.0,281.5525875053386,-382.6008345612398,2015-08-25 12:03:00,11,2015-08-25
241,2634,2015-08-26 13:41:00,2015-08-26 13:53:00,2015-08-26 14:20:00,C,C9.5,9.5e-06,1.6E-02,12403,S14W39,-14.0,39.0,581.5161021665299,-316.98063330552145,2015-08-26 14:20:00,13,2015-08-26
242,2643,2015-08-28 11:22:00,2015-08-28 11:44:00,2015-08-28 11:54:00,C,C5.3,5.299999999999999e-06,6.9E-03,12403,S14W67,-14.0,67.0,849.4813981578325,-272.98134689246626,2015-08-28 11:54:00,11,2015-08-28
243,2645,2015-08-28 13:04:00,2015-08-28 13:16:00,2015-08-28 13:23:00,M,M2.2,2.2000000000000003e-05,1.6E-02,12403,S14W66,-14.0,66.0,843.1323907375676,-274.84488398062774,2015-08-28 13:23:00,13,2015-08-28
244,2650,2015-08-28 18:56:00,2015-08-28 19:03:00,2015-08-28 19:06:00,M,M2.1,2.1e-05,4.7E-03,12403,S14W70,-14.0,70.0,867.0625466978531,-267.4110136748829,2015-08-28 19:06:00,19,2015-08-28
245,2658,2015-09-03 11:28:00,2015-09-03 11:37:00,2015-09-03 11:48:00,C,C1.7,1.6999999999999998e-06,1.4E-03,12407,N14W82,14.0,82.0,914.3548954072156,212.23596009816777,2015-09-03 11:48:00,11,2015-09-03
246,2662,2015-09-16 15:20:00,2015-09-16 15:28:00,2015-09-16 15:43:00,C,C3.0,3e-06,2.8E-03,12415,S20E03,-20.0,-3.0,-47.1140221899841,-437.5915591355148,2015-09-16 15:43:00,15,2015-09-16
247,2666,2015-09-17 09:34:00,2015-09-17 09:40:00,2015-09-17 09:45:00,M,M1.1,1.1e-05,4.6E-03,12415,S19W05,-19.0,5.0,78.96459358971464,-422.2825520198545,2015-09-17 09:45:00,9,2015-09-17
248,2675,2015-09-20 17:32:00,2015-09-20 18:03:00,2015-09-20 18:29:00,M,M2.1,2.1e-05,4.5E-02,12415,S22W50,-22.0,50.0,680.1202971349787,-426.5491146554304,2015-09-20 18:29:00,18,2015-09-20
249,2678,2015-09-23 14:41:00,2015-09-23 14:48:00,2015-09-23 14:54:00,C,C1.5,1.5e-06,7.8E-04,12422,S20E43,-20.0,-43.0,-614.445511155529,-406.05438689300087,2015-09-23 14:54:00,14,2015-09-23
250,2683,2015-09-27 10:20:00,2015-09-27 10:40:00,2015-09-27 10:46:00,M,M1.9,1.9e-05,9.8E-03,12422,S10W57,-10.0,57.0,792.2649846936649,-227.1215821415111,2015-09-27 10:46:00,10,2015-09-27
251,2685,2015-09-27 12:47:00,2015-09-27 12:52:00,2015-09-27 13:02:00,C,C2.4,2.4e-06,1.6E-03,12422,S20W13,-20.0,13.0,203.11236345438223,-431.80127453107866,2015-09-27 13:02:00,12,2015-09-27
252,2687,2015-09-27 13:41:00,2015-09-27 13:46:00,2015-09-27 13:51:00,C,C2.2,2.2e-06,9.2E-04,12422,S21W06,-21.0,6.0,93.7724907468664,-448.8840328830356,2015-09-27 13:51:00,13,2015-09-27
253,2688,2015-09-27 15:30:00,2015-09-27 15:38:00,2015-09-27 15:43:00,C,C5.4,5.4e-06,2.3E-03,12422,S20W15,-20.0,15.0,233.69136462871592,-430.8212555850742,2015-09-27 15:43:00,15,2015-09-27
254,2690,2015-09-27 16:39:00,2015-09-27 16:49:00,2015-09-27 16:55:00,C,C4.3,4.3e-06,2.6E-03,12422,S22W09,-22.0,9.0,139.37130316782938,-462.8271942875369,2015-09-27 16:55:00,16,2015-09-27
255,2691,2015-09-27 17:41:00,2015-09-27 17:46:00,2015-09-27 17:50:00,C,C4.2,4.2e-06,1.5E-03,12422,S20W16,-20.0,16.0,248.87828301630293,-430.2678076106587,2015-09-27 17:50:00,17,2015-09-27
256,2711,2015-09-30 10:49:00,2015-09-30 10:59:00,2015-09-30 11:13:00,M,M1.3,1.3e-05,1.4E-02,12422,S20W50,-20.0,50.0,691.2523774080666,-394.501768480153,2015-09-30 11:13:00,10,2015-09-30
257,2713,2015-09-30 13:18:00,2015-09-30 13:20:00,2015-09-30 13:21:00,M,M1.1,1.1e-05,1.6E-03,12422,S20W55,-20.0,55.0,738.9739833073755,-386.99775913825886,2015-09-30 13:21:00,13,2015-09-30
258,2717,2015-10-01 13:03:00,2015-10-01 13:10:00,2015-10-01 13:14:00,M,M4.5,4.5e-05,1.3E-02,12422,S20W60,-20.0,60.0,781.2284547341358,-378.84097477840953,2015-10-01 13:14:00,13,2015-10-01
259,2721,2015-10-02 11:37:00,2015-10-02 11:44:00,2015-10-02 11:54:00,C,C3.0,3e-06,2.2E-03,12422,S20W74,-20.0,74.0,866.5246917929954,-354.7484052100893,2015-10-02 11:54:00,11,2015-10-02
260,2722,2015-10-02 12:19:00,2015-10-02 12:26:00,2015-10-02 12:31:00,M,M1.0,1e-05,4.1E-03,12422,S20W73,-20.0,73.0,862.1260591946126,-356.52464299976384,2015-10-02 12:31:00,12,2015-10-02
261,2723,2015-10-02 13:31:00,2015-10-02 13:37:00,2015-10-02 13:49:00,C,C7.2,7.2e-06,5.4E-03,12422,S20W75,-20.0,75.0,870.6850007583475,-352.955691850786,2015-10-02 13:49:00,13,2015-10-02
262,2724,2015-10-02 15:26:00,2015-10-02 15:32:00,2015-10-02 15:37:00,C,C8.8,8.8e-06,3.3E-03,12422,S20W74,-20.0,74.0,866.5636046640641,-354.73596949646844,2015-10-02 15:37:00,15,2015-10-02
263,2725,2015-10-02 17:08:00,2015-10-02 17:18:00,2015-10-02 17:23:00,M,M1.0,1e-05,4.9E-03,12422,S21W78,-21.0,78.0,875.7975168723118,-362.9714418996765,2015-10-02 17:23:00,17,2015-10-02
264,2726,2015-10-02 17:55:00,2015-10-02 18:00:00,2015-10-02 18:03:00,C,C8.1,8.099999999999999e-06,2.3E-03,12422,S18W77,-18.0,77.0,888.8594868940623,-318.2035096572322,2015-10-02 18:03:00,18,2015-10-02
265,2730,2015-10-03 11:32:00,2015-10-03 11:39:00,2015-10-03 11:45:00,C,C2.7,2.7e-06,1.4E-03,12422,S17W77,-17.0,77.0,893.9623883285487,-302.43300857261386,2015-10-03 11:45:00,11,2015-10-03
266,2731,2015-10-03 13:02:00,2015-10-03 13:08:00,2015-10-03 13:14:00,C,C2.1,2.1e-06,9.7E-04,12422,S17W78,-17.0,78.0,897.3764047966953,-300.60375902405343,2015-10-03 13:14:00,13,2015-10-03
267,2737,2015-10-13 14:05:00,2015-10-13 14:11:00,2015-10-13 14:14:00,C,C9.5,9.5e-06,2.3E-03,12434,S09E80,-9.0,-80.0,-935.7523716115392,-166.94362704501853,2015-10-13 14:14:00,14,2015-10-13
268,2741,2015-10-15 10:42:00,2015-10-15 10:48:00,2015-10-15 10:52:00,C,C2.7,2.7e-06,9.3E-04,12434,S11E57,-11.0,-57.0,-793.7558783991262,-235.7799196958449,2015-10-15 10:52:00,10,2015-10-15
269,2744,2015-10-15 13:42:00,2015-10-15 13:49:00,2015-10-15 13:52:00,C,C3.6,3.6e-06,1.1E-03,12434,S11E55,-11.0,-55.0,-775.413380203303,-238.54045170408872,2015-10-15 13:52:00,13,2015-10-15
270,2745,2015-10-15 16:09:00,2015-10-15 16:17:00,2015-10-15 16:21:00,C,C2.2,2.2e-06,9.2E-04,12434,S11E54,-11.0,-54.0,-765.8919557211921,-239.86769610080856,2015-10-15 16:21:00,16,2015-10-15
271,2752,2015-10-16 12:44:00,2015-10-16 13:07:00,2015-10-16 13:19:00,C,C3.8,3.8e-06,4.6E-03,12434,S12E42,-12.0,-42.0,-631.8106686966494,-270.53354148008657,2015-10-16 13:19:00,13,2015-10-16
272,2754,2015-10-16 13:36:00,2015-10-16 13:42:00,2015-10-16 13:46:00,C,C4.2,4.2e-06,1.5E-03,12434,S11E41,-11.0,-41.0,-621.7237551945727,-255.45544625338093,2015-10-16 13:46:00,13,2015-10-16
273,2756,2015-10-17 12:31:00,2015-10-17 12:35:00,2015-10-17 12:39:00,C,C4.5,4.5e-06,1.3E-03,12434,S08E26,-8.0,-26.0,-419.5044393038843,-219.5471020050302,2015-10-17 12:39:00,12,2015-10-17
274,2758,2015-10-17 14:22:00,2015-10-17 14:29:00,2015-10-17 14:39:00,C,C1.8,1.8e-06,1.5E-03,12435,N10E83,10.0,-83.0,-941.3654013711492,154.8950751307254,2015-10-17 14:39:00,14,2015-10-17
275,2766,2015-10-19 13:36:00,2015-10-19 13:43:00,2015-10-19 13:59:00,C,C1.9,1.9e-06,1.8E-03,12434,S09E00,-9.0,0.0,0.0,-243.1654928965895,2015-10-19 13:59:00,13,2015-10-19
276,2767,2015-10-19 17:23:00,2015-10-19 17:27:00,2015-10-19 17:29:00,C,C3.9,3.9e-06,5.9E-04,12436,N08E55,8.0,-55.0,-783.3186721843667,80.75908660977515,2015-10-19 17:29:00,17,2015-10-19
277,2771,2015-10-21 11:51:00,2015-10-21 12:00:00,2015-10-21 12:07:00,C,C2.6,2.6e-06,1.7E-03,12436,N06E20,6.0,-20.0,-329.1895013686735,15.603684830409566,2015-10-21 12:07:00,12,2015-10-21
278,2801,2015-10-31 14:54:00,2015-10-31 15:02:00,2015-10-31 15:04:00,C,C5.2,5.2e-06,1.3E-03,12443,N06E55,6.0,-55.0,-789.2633167023305,57.90906727271811,2015-10-31 15:04:00,15,2015-10-31
279,2802,2015-10-31 15:48:00,2015-10-31 15:53:00,2015-10-31 16:03:00,C,C1.9,1.9e-06,1.2E-03,12443,N06E49,6.0,-49.0,-727.4591964313295,51.78004153248207,2015-10-31 16:03:00,15,2015-10-31
280,2811,2015-11-01 16:33:00,2015-11-01 16:43:00,2015-11-01 16:54:00,C,C5.0,5e-06,4.4E-03,12443,N05E39,5.0,-39.0,-608.1223871128168,27.19653889925197,2015-11-01 16:54:00,16,2015-11-01
281,2825,2015-11-04 11:55:00,2015-11-04 12:03:00,2015-11-04 12:06:00,M,M2.5,2.5e-05,7.3E-03,12445,N15W71,15.0,71.0,884.6739995379531,228.4440538999348,2015-11-04 12:06:00,12,2015-11-04
282,2826,2015-11-04 13:31:00,2015-11-04 13:52:00,2015-11-04 14:13:00,M,M3.7,3.7000000000000005e-05,5.9E-02,12443,N08W02,8.0,2.0,33.58223623596268,66.73125017144831,2015-11-04 14:13:00,13,2015-11-04
283,2860,2015-12-12 13:36:00,2015-12-12 13:46:00,2015-12-12 13:57:00,C,C7.8,7.8e-06,6.3E-03,12470,N11E81,11.0,-81.0,-945.2178906917106,187.40768713531247,2015-12-12 13:57:00,13,2015-12-12
284,2913,2016-01-28 11:48:00,2016-01-28 12:02:00,2016-01-28 12:16:00,C,C9.6,9.6e-06,8.9E-03,12488,N03W47,3.0,47.0,713.6747678926721,117.09770585862628,2016-01-28 12:16:00,12,2016-01-28
285,2933,2016-02-12 17:10:00,2016-02-12 17:21:00,2016-02-12 17:27:00,C,C6.8,6.799999999999999e-06,3.9E-03,12497,N11W18,11.0,18.0,296.0216386978908,291.14763918162816,2016-02-12 17:27:00,17,2016-02-12
286,2936,2016-02-13 15:16:00,2016-02-13 15:24:00,2016-02-13 15:26:00,M,M1.8,1.8e-05,4.3E-03,12497,N14W28,14.0,28.0,444.2875830187231,332.3790840847911,2016-02-13 15:26:00,15,2016-02-13
287,2944,2016-02-15 10:41:00,2016-02-15 11:00:00,2016-02-15 11:06:00,M,M1.1,1.1e-05,7.4E-03,12497,N11W54,11.0,54.0,773.2977069239885,251.21378041328043,2016-02-15 11:06:00,11,2016-02-15
288,2945,2016-02-15 14:40:00,2016-02-15 15:04:00,2016-02-15 15:13:00,C,C3.3,3.3e-06,4.7E-03,12497,N11W60,11.0,60.0,827.4277871111227,241.1988437028697,2016-02-15 15:13:00,15,2016-02-15
289,2946,2016-02-15 17:14:00,2016-02-15 17:23:00,2016-02-15 17:27:00,C,C2.5,2.5e-06,1.2E-03,12497,N11W57,11.0,57.0,801.4403215627029,246.3551086398452,2016-02-15 17:27:00,17,2016-02-15
290,2978,2016-04-06 09:57:00,2016-04-06 10:11:00,2016-04-06 10:30:00,C,C1.1,1.1e-06,1.6E-03,     ,S03W89,-3.0,89.0,957.0191992748285,-48.06223172022764,2016-04-06 10:30:00,10,2016-04-06
291,2979,2016-04-06 16:39:00,2016-04-06 16:52:00,2016-04-06 17:13:00,C,C1.4,1.4e-06,2.3E-03,12529,N08E88,8.0,-88.0,-948.4802814174908,136.17457838023168,2016-04-06 17:13:00,16,2016-04-06
292,2980,2016-04-07 11:06:00,2016-04-07 11:13:00,2016-04-07 11:21:00,C,C1.9,1.9e-06,1.3E-03,12529,N09E88,9.0,-88.0,-945.792685949942,152.56209182829986,2016-04-07 11:21:00,11,2016-04-07
293,2981,2016-04-08 16:31:00,2016-04-08 16:38:00,2016-04-08 16:45:00,C,C1.1,1.1e-06,7.1E-04,12529,N11E77,11.0,-77.0,-916.909897770034,204.2302470319306,2016-04-08 16:45:00,16,2016-04-08
294,2990,2016-04-14 13:21:00,2016-04-14 13:32:00,2016-04-14 13:44:00,C,C1.8,1.8e-06,1.8E-03,12529,N10W13,10.0,13.0,212.75468180109308,256.2969769740891,2016-04-14 13:44:00,13,2016-04-14
295,2992,2016-04-15 14:04:00,2016-04-15 14:30:00,2016-04-15 14:43:00,C,C4.1,4.1e-06,4.6E-03,12529,N13W17,13.0,17.0,273.4706375631718,301.3487396691026,2016-04-15 14:43:00,14,2016-04-15
296,2993,2016-04-16 14:30:00,2016-04-16 14:39:00,2016-04-16 14:53:00,C,C1.0,1e-06,1.1E-03,     ,N11W41,11.0,41.0,617.5074893519752,249.7417689492569,2016-04-16 14:53:00,14,2016-04-16
297,2995,2016-04-16 19:42:00,2016-04-16 19:58:00,2016-04-16 20:12:00,C,C5.8,5.8e-06,6.1E-03,12529,N11W44,11.0,44.0,653.694887543634,246.3161732414916,2016-04-16 20:12:00,19,2016-04-16
298,2996,2016-04-17 17:17:00,2016-04-17 17:30:00,2016-04-17 17:47:00,C,C2.4,2.4e-06,3.3E-03,12529,N10W56,10.0,56.0,781.9290911735511,214.9372398903461,2016-04-17 17:47:00,17,2016-04-17
299,2998,2016-04-28 12:46:00,2016-04-28 12:51:00,2016-04-28 12:54:00,C,C1.9,1.9e-06,5.0E-04,12535,N05E21,5.0,-21.0,-341.53233125898987,151.22105454289203,2016-04-28 12:54:00,12,2016-04-28
300,3004,2016-05-14 09:21:00,2016-05-14 09:31:00,2016-05-14 09:34:00,C,C2.5,2.5e-06,8.0E-04,12543,S06W55,-6.0,55.0,775.1635941291177,-73.72654036181603,2016-05-14 09:34:00,9,2016-05-14
301,3005,2016-05-14 11:28:00,2016-05-14 11:34:00,2016-05-14 11:37:00,C,C7.4,7.4e-06,1.6E-03,12543,S06W56,-6.0,56.0,784.4519325853377,-74.45556524213877,2016-05-14 11:37:00,11,2016-05-14
302,3006,2016-05-14 15:15:00,2016-05-14 15:19:00,2016-05-14 15:22:00,C,C4.8,4.8e-06,9.1E-04,12543,S06W59,-6.0,59.0,810.8776892224337,-76.55550844264847,2016-05-14 15:22:00,15,2016-05-14
303,3019,2016-06-09 12:28:00,2016-06-09 12:34:00,2016-06-09 12:37:00,C,C1.5,1.5e-06,5.0E-04,     ,N15W42,15.0,42.0,612.6882421340275,240.6624953441764,2016-06-09 12:37:00,12,2016-06-09
304,3023,2016-07-09 15:49:00,2016-07-09 16:07:00,2016-07-09 16:11:00,C,C2.6,2.6e-06,1.8E-03,12564,N12E73,12.0,-73.0,-883.7553220379632,177.98110082028225,2016-07-09 16:11:00,16,2016-07-09
305,3024,2016-07-15 15:07:00,2016-07-15 15:11:00,2016-07-15 15:14:00,C,C2.0,2e-06,4.7E-04,12567,N04E35,4.0,-35.0,-542.0193082552869,6.303184431438849,2016-07-15 15:14:00,15,2016-07-15
306,3031,2016-07-19 10:00:00,2016-07-19 11:53:00,2016-07-19 12:34:00,C,C2.2,2.2e-06,1.3E-02,12565,N02W22,2.0,22.0,354.9029412515161,-40.04360775399488,2016-07-19 12:34:00,11,2016-07-19
307,3033,2016-07-21 11:06:00,2016-07-21 11:19:00,2016-07-21 11:22:00,C,C7.2,7.2e-06,2.0E-03,12567,N02W48,2.0,48.0,703.3284137775161,-21.730436505400785,2016-07-21 11:22:00,11,2016-07-21
308,3034,2016-07-21 12:47:00,2016-07-21 12:55:00,2016-07-21 13:03:00,C,C9.1,9.1e-06,5.0E-03,12567,N03W49,3.0,49.0,713.6938256664786,-4.238229639899598,2016-07-21 13:03:00,12,2016-07-21
309,3042,2016-07-23 17:38:00,2016-07-23 17:55:00,2016-07-23 18:04:00,C,C2.4,2.4e-06,3.0E-03,12567,N05W89,5.0,89.0,940.6370604066104,80.5019700614482,2016-07-23 18:04:00,17,2016-07-23
310,3045,2016-07-24 12:18:00,2016-07-24 12:28:00,2016-07-24 12:36:00,C,C1.5,1.5e-06,1.3E-03,12567,N06W89,6.0,89.0,939.126479264246,96.8226682528962,2016-07-24 12:36:00,12,2016-07-24
311,3046,2016-07-24 12:56:00,2016-07-24 13:03:00,2016-07-24 13:13:00,C,C2.5,2.5e-06,2.0E-03,12567,N06W89,6.0,89.0,939.128630036292,96.8219109592866,2016-07-24 13:13:00,13,2016-07-24
312,3047,2016-07-24 13:15:00,2016-07-24 13:23:00,2016-07-24 13:30:00,C,C3.5,3.5e-06,2.4E-03,12567,N07W89,7.0,89.0,937.2706518346524,113.13491676041032,2016-07-24 13:30:00,13,2016-07-24
313,3048,2016-07-24 13:34:00,2016-07-24 14:04:00,2016-07-24 14:11:00,C,C6.9,6.9e-06,1.1E-02,12567,N06W89,6.0,89.0,939.1307832154524,96.82115420175158,2016-07-24 14:11:00,14,2016-07-24
314,3049,2016-07-24 17:30:00,2016-07-24 17:43:00,2016-07-24 18:12:00,M,M1.9,1.9e-05,3.6E-02,12567,N07W89,7.0,89.0,937.2851458797973,113.12972670065422,2016-07-24 18:12:00,17,2016-07-24
315,3050,2016-07-25 08:59:00,2016-07-25 09:09:00,2016-07-25 09:26:00,C,C1.8,1.8e-06,2.1E-03,12567,N09W89,9.0,89.0,932.7645801506466,145.62905594735574,2016-07-25 09:26:00,9,2016-07-25
316,3053,2016-08-07 13:28:00,2016-08-07 13:38:00,2016-08-07 13:49:00,C,C2.4,2.4e-06,2.1E-03,     ,N11W69,11.0,69.0,868.3434841072062,143.4747563018338,2016-08-07 13:49:00,13,2016-08-07
317,3054,2016-08-07 14:37:00,2016-08-07 14:44:00,2016-08-07 14:48:00,M,M1.3,1.3e-05,4.6E-03,     ,S12W70,-12.0,70.0,870.6948980619344,-230.25992557814888,2016-08-07 14:48:00,14,2016-08-07
318,3055,2016-08-07 15:03:00,2016-08-07 15:09:00,2016-08-07 15:16:00,C,C8.5,8.5e-06,4.3E-03,12572,N04E89,4.0,-89.0,-943.589422237128,63.80775791928284,2016-08-07 15:16:00,15,2016-08-07
319,3062,2016-08-11 16:32:00,2016-08-11 16:44:00,2016-08-11 17:03:00,C,C2.4,2.4e-06,3.2E-03,12574,N02E31,2.0,-31.0,-489.1434643822722,-58.968429586656015,2016-08-11 17:03:00,16,2016-08-11
320,3072,2016-09-22 17:35:00,2016-09-22 17:53:00,2016-09-22 18:09:00,C,C1.9,1.9e-06,2.4E-03,12595,N11W88,11.0,88.0,938.0073123506894,177.05936779407173,2016-09-22 18:09:00,17,2016-09-22
321,3085,2017-01-12 15:54:00,2017-01-12 16:18:00,2017-01-12 16:41:00,C,C3.8,3.8e-06,6.9E-03,     ,N05E89,5.0,-89.0,-971.5134663321078,86.04534791684327,2017-01-12 16:41:00,16,2017-01-12
322,3092,2017-03-27 11:07:00,2017-03-27 11:12:00,2017-03-27 11:18:00,C,C3.2,3.2e-06,1.2E-03,12645,S09E66,-9.0,-66.0,-868.9671108413022,-104.0078451094679,2017-03-27 11:18:00,11,2017-03-27
323,3096,2017-03-31 17:28:00,2017-03-31 17:37:00,2017-03-31 17:48:00,C,C1.7,1.6999999999999998e-06,1.4E-03,12645,S12E03,-12.0,-3.0,-49.37446974241175,-91.6150409070668,2017-03-31 17:48:00,17,2017-03-31
324,3098,2017-04-02 07:50:00,2017-04-02 08:02:00,2017-04-02 08:13:00,M,M5.3,5.3e-05,4.4E-02,12644,N12W60,12.0,60.0,814.6229524600991,251.66617520090523,2017-04-02 08:13:00,8,2017-04-02
325,3100,2017-04-02 12:52:00,2017-04-02 13:00:00,2017-04-02 13:11:00,M,M2.3,2.3e-05,1.6E-02,12644,N13W61,13.0,61.0,819.4110375912168,266.0120199356548,2017-04-02 13:11:00,13,2017-04-02
326,3101,2017-04-02 14:44:00,2017-04-02 15:08:00,2017-04-02 15:25:00,C,C4.2,4.2e-06,8.2E-03,12644,N13W64,13.0,64.0,841.86439132779,261.0280755078512,2017-04-02 15:25:00,15,2017-04-02
327,3102,2017-04-02 16:20:00,2017-04-02 16:27:00,2017-04-02 16:38:00,C,C3.0,3e-06,2.6E-03,12644,N15W64,15.0,64.0,834.5238984226297,292.9381973973308,2017-04-02 16:38:00,16,2017-04-02
328,3103,2017-04-02 18:18:00,2017-04-02 18:38:00,2017-04-02 19:28:00,M,M2.1,2.1e-05,6.1E-02,12644,N12W66,12.0,66.0,858.854090539106,241.49369328415867,2017-04-02 19:28:00,18,2017-04-02
329,3116,2017-04-04 12:12:00,2017-04-04 12:16:00,2017-04-04 12:18:00,C,C1.9,1.9e-06,3.6E-04,12644,N14W83,14.0,83.0,923.9701264059646,243.2133901122256,2017-04-04 12:18:00,12,2017-04-04
330,3117,2017-04-04 13:31:00,2017-04-04 13:41:00,2017-04-04 13:56:00,C,C2.3,2.3e-06,2.3E-03,12644,N16W87,16.0,87.0,920.658603197982,268.06700870120545,2017-04-04 13:56:00,13,2017-04-04
331,3119,2017-04-04 16:55:00,2017-04-04 17:01:00,2017-04-04 17:03:00,C,C1.9,1.9e-06,4.5E-04,12644,N15W87,15.0,87.0,925.0981335998778,252.05089926183385,2017-04-04 17:03:00,17,2017-04-04
332,3123,2017-04-06 12:01:00,2017-04-06 12:10:00,2017-04-06 12:20:00,C,C5.5,5.5e-06,4.3E-03,12645,S11W68,-11.0,68.0,873.9165868607148,-143.88764174361592,2017-04-06 12:20:00,12,2017-04-06
333,3126,2017-04-18 09:29:00,2017-04-18 09:41:00,2017-04-18 09:55:00,C,C3.3,3.3e-06,3.1E-03,12651,N09E84,9.0,-84.0,-938.70104350592,158.0207190589241,2017-04-18 09:55:00,9,2017-04-18
334,3135,2017-06-02 17:50:00,2017-06-02 17:57:00,2017-06-02 18:01:00,C,C8.0,8e-06,2.7E-03,12661,N04E63,4.0,-63.0,-842.3509681797586,69.51444492878316,2017-06-02 18:01:00,17,2017-06-02
335,3136,2017-06-03 09:37:00,2017-06-03 09:57:00,2017-06-03 10:05:00,C,C2.1,2.1e-06,1.3E-03,12661,N06E55,6.0,-55.0,-772.406009637285,102.64988304193,2017-06-03 10:05:00,9,2017-06-03
336,3137,2017-06-03 14:47:00,2017-06-03 14:56:00,2017-06-03 15:00:00,C,C2.5,2.5e-06,8.6E-04,12661,N06E52,6.0,-52.0,-743.1634363662452,102.66387923013372,2017-06-03 15:00:00,14,2017-06-03
337,3140,2017-06-07 10:03:00,2017-06-07 10:22:00,2017-06-07 10:50:00,C,C1.2,1.2e-06,2.6E-03,     ,N20W89,20.0,89.0,888.091880783706,323.25676284013844,2017-06-07 10:50:00,10,2017-06-07
338,3231,2018-02-07 13:31:00,2018-02-07 13:47:00,2018-02-07 13:54:00,C,C8.1,8.099999999999999e-06,4.9E-03,12699,S06E45,-6.0,-45.0,-686.2051852999721,-24.357798309870216,2018-02-07 13:54:00,13,2018-02-07
339,3233,2018-02-10 13:02:00,2018-02-10 13:21:00,2018-02-10 13:36:00,C,C4.6,4.599999999999999e-06,6.1E-03,12699,S08E07,-8.0,-7.0,-117.85474993800744,-24.53566257161164,2018-02-10 13:36:00,13,2018-02-10
